-- phpMyAdmin SQL Dump
-- version 5.2.1
-- https://www.phpmyadmin.net/
--
-- Host: 127.0.0.1
-- Generation Time: Oct 17, 2024 at 03:14 AM
-- Server version: 10.4.32-MariaDB
-- PHP Version: 8.2.12

SET SQL_MODE = "NO_AUTO_VALUE_ON_ZERO";
START TRANSACTION;
SET time_zone = "+00:00";


/*!40101 SET @OLD_CHARACTER_SET_CLIENT=@@CHARACTER_SET_CLIENT */;
/*!40101 SET @OLD_CHARACTER_SET_RESULTS=@@CHARACTER_SET_RESULTS */;
/*!40101 SET @OLD_COLLATION_CONNECTION=@@COLLATION_CONNECTION */;
/*!40101 SET NAMES utf8mb4 */;

--
-- Database: `shop1`
--

-- --------------------------------------------------------

--
-- Table structure for table `admin`
--

CREATE TABLE `admin` (
  `a_id` int(11) NOT NULL,
  `a_name` varchar(250) NOT NULL,
  `a_username` varchar(250) NOT NULL,
  `a_password` varchar(250) NOT NULL
) ENGINE=InnoDB DEFAULT CHARSET=utf8 COLLATE=utf8_unicode_ci;

--
-- Dumping data for table `admin`
--

INSERT INTO `admin` (`a_id`, `a_name`, `a_username`, `a_password`) VALUES
(1, 'จิรโชค ทองดี', 'admin', '81dc9bdb52d04dc20036dbd8313ed055');

-- --------------------------------------------------------

--
-- Table structure for table `member`
--

CREATE TABLE `member` (
  `m_id` int(4) NOT NULL COMMENT 'รหัสลูกค้า',
  `m_name` varchar(200) NOT NULL COMMENT 'ชื่อลูกค้า',
  `m_sex` varchar(50) NOT NULL,
  `m_tel` varchar(10) NOT NULL COMMENT 'เบอร์ลูกค้า',
  `m_user` varchar(50) NOT NULL COMMENT 'ชื่อผู้ใช้',
  `m_pass` varchar(50) NOT NULL COMMENT 'รหัสผ่าน'
) ENGINE=InnoDB DEFAULT CHARSET=utf8mb4 COLLATE=utf8mb4_general_ci;

--
-- Dumping data for table `member`
--

INSERT INTO `member` (`m_id`, `m_name`, `m_sex`, `m_tel`, `m_user`, `m_pass`) VALUES
(1001, 'วรุฬภรณ์ ใจเมือง', '', '0861862885', 'warun', '1234');

-- --------------------------------------------------------

--
-- Table structure for table `orders`
--

CREATE TABLE `orders` (
  `oid` int(7) UNSIGNED ZEROFILL NOT NULL,
  `ototal` int(7) NOT NULL,
  `odate` datetime NOT NULL,
  `u_id` int(7) NOT NULL,
  `u_name` varchar(200) NOT NULL,
  `address` text NOT NULL,
  `sta` varchar(200) NOT NULL
) ENGINE=MyISAM DEFAULT CHARSET=utf8 COLLATE=utf8_unicode_ci;

--
-- Dumping data for table `orders`
--

INSERT INTO `orders` (`oid`, `ototal`, `odate`, `u_id`, `u_name`, `address`, `sta`) VALUES
(0000040, 809, '2024-10-05 16:17:40', 3, '', '', 'ส่งแล้ว'),
(0000041, 10, '2024-10-05 16:19:40', 4, '', '', 'ส่งแล้ว'),
(0000042, 1598, '2024-10-06 14:28:46', 2, '', '', 'ส่งแล้ว'),
(0000043, 809, '2024-10-08 18:09:43', 5, '', '', 'ส่งแล้ว'),
(0000044, 4200, '2024-10-16 18:27:22', 5, '', '', 'ส่งแล้ว'),
(0000045, 2100, '2024-10-16 18:28:57', 6, '', '', 'ส่งแล้ว'),
(0000046, 809, '2024-10-08 18:09:43', 5, '', '', 'ส่งแล้ว'),
(0000047, 400, '2024-10-17 08:13:16', 6, '', '', '');

-- --------------------------------------------------------

--
-- Table structure for table `orders_detail`
--

CREATE TABLE `orders_detail` (
  `od_id` int(6) NOT NULL,
  `oid` int(7) UNSIGNED ZEROFILL NOT NULL,
  `pid` int(7) NOT NULL,
  `item` int(7) NOT NULL,
  `p_price` int(6) NOT NULL
) ENGINE=MyISAM DEFAULT CHARSET=utf8 COLLATE=utf8_unicode_ci ROW_FORMAT=DYNAMIC;

--
-- Dumping data for table `orders_detail`
--

INSERT INTO `orders_detail` (`od_id`, `oid`, `pid`, `item`, `p_price`) VALUES
(28, 0000041, 2003, 1, 10),
(27, 0000040, 2002, 1, 10),
(26, 0000040, 1001, 1, 799),
(29, 0000042, 1001, 1, 799),
(30, 0000042, 1002, 1, 799),
(31, 0000043, 1002, 1, 799),
(32, 0000043, 2003, 1, 10),
(33, 0000047, 2002, 1, 400);

-- --------------------------------------------------------

--
-- Table structure for table `product`
--

CREATE TABLE `product` (
  `p_id` int(4) NOT NULL,
  `p_name` varchar(200) NOT NULL,
  `p_detail` text NOT NULL,
  `p_price` int(6) NOT NULL,
  `p_picture` varchar(200) NOT NULL,
  `pt_id` int(3) NOT NULL
) ENGINE=MyISAM DEFAULT CHARSET=utf8 COLLATE=utf8_general_ci;

--
-- Dumping data for table `product`
--

INSERT INTO `product` (`p_id`, `p_name`, `p_detail`, `p_price`, `p_picture`, `pt_id`) VALUES
(1001, 'HOODIE สีดำ ', 'เนื้อผ้าอินเตอร์ล็อค (INTERLOCK)ด้วยเอกลักษณ์ของผ้าที่ทอด้านหน้าและหลังเหมือนกันทำให้ผ้ามีสัมผัสที่เนียนลื่นย้อมด้วยสีย้อมที่ปราศจาคสารฟอมัลดีไฮด์ ทำให้ผิวสัมผัสไม่เกิดความระคายเคืองดีเทลพิมพ์ลายด้วยเทคนิค ทรานเฟอร์ (Transfer)', 799, 'ฮู้ดดี้1.png', 1),
(1002, 'HOODIE สีดำ', 'ผ้า Baby French terry (เบบี้ เฟนเทอรี่ )Cotton 35% Polyester 65% เนื้อผ้านุ่มสวมใส่สบายทำให้ผ้ามีสัมผัสที่เนียนลื่นย้อมด้วยสีย้อมที่ปราศจาคสารฟอมัลดีไฮด์ ทำให้ผิวสัมผัสไม่เกิดความระคายเคืองดีเทล ใช้เทคนิคปัก Mc jeans กลางหน้าอก', 799, 'ฮู้ดดี้2.png', 1),
(1003, 'HOODIE สีดำ ', 'ผ้า 100% COTTONเนื้อผ้า BABY FRENCH TERRY มีความอยู่ทรงเนื้อผ้านุ่มลื่น ซึมซับเหงื่อ ระบายอากาศได้ดีย้อมด้วยสีย้อมที่ปราศจาคสารฟอมัลดีไฮด์ ทำให้ผิวสัมผัสไม่เกิดความระคายเคืองดีเทลใช้เทคนิคปักหน้าอก MCเเต่งด้วยเทป MC JEANS ที่เเขนทั้ง 2 ข้าง', 799, 'ฮู้ดดี้3.png', 1),
(2001, 'เสื้อเชิ้ตฮาวาย สีดำ', 'ผ้า 100% RAYONสัมผัสนุ่มลื่น ใส่สบาย GOOD QUALITY ไม่ระคายเคืองผิวผ้าพิมพ์ All overprint (ลายพิมพ์ทั้งตัวเสื้อ) มีเอกลักษณ์ด้วยกลิ่นอายของความวินเทจ เน้นลายกราฟฟิคเท่ๆ อาจจะแมทช์กับเสื้อยืดสีขาวและกางเกงยีนส์ตัวโปรดเชื่อมต่อลายบนกระเป๋ากับตัวเสื้อ เพื่อให้มองเห็นลวดลายเดียวกันทั้งตัวแต่งกระดุมและ RIVET โลหะเอกลักษณ์เฉพาะของ MC JEANS', 400, 'เชิ้ต1.png', 2),
(2002, 'เสื้อเชิ้ตฮาวาย สีดำ', 'ผ้า 100% RAYONสัมผัสนุ่มลื่น ใส่สบาย GOOD QUALITY ไม่ระคายเคืองผิวผ้าพิมพ์ All overprint (ลายพิมพ์ทั้งตัวเสื้อ) มีเอกลักษณ์ด้วยกลิ่นอายของความวินเทจ เน้นลายกราฟฟิคเท่ๆ อาจจะแมทช์กับเสื้อยืดสีขาวและกางเกงยีนส์ตัวโปรดเชื่อมต่อลายบนกระเป๋ากับตัวเสื้อ เพื่อให้มองเห็นลวดลายเดียวกันทั้งตัวแต่งกระดุมและ RIVET โลหะเอกลักษณ์เฉพาะของ MC JEANS', 400, 'เชิ้ต2.png', 2),
(2003, 'เสื้อเชิ้ตรีสอร์ท สีดำ', 'ผ้า 100% RAYONสัมผัสนุ่มลื่น ใส่สบาย GOOD QUALITY ไม่ระคายเคืองผิวผ้าพิมพ์ลาย Monogram\r\n', 400, 'เชิ้ต3.png', 2),
(2004, 'เสื้อเชิตรีสอร์ท สีส้มอิฐ', 'ผ้า 100% RAYONสัมผัสนุ่มลื่น ใส่สบาย GOOD QUALITY ไม่ระคายเคืองผิวผ้าพิมพ์ลาย Monogram\r\n\r\n', 400, 'เชิ้ต4.png', 2),
(3001, 'เสื้อสเวตเตอร์ สีเขียว', 'เนื้อผ้าอินเตอร์ล็อค (INTERLOCK)ดีเทลพิมพ์ลายโมโนแกรม MC สีออนโทนกับสีผ้าผ้า Interlock คือผ้าที่มีโครงสร้างแน่น มีเนื้อ แต่น้ำหนักเบา สบายและไม่บางจนเกินไป ตัวผ้ามีความทิ้งตัว ทำให้ใส่แล้วไม่ย้วย คงรูป เป็นทรงสวยและเนื้อผ้าไม่ลีบหรือแนบลำตัวมากเกินไป ทำให้สามารถพรางสัดส่วนได้ดี', 999, 'สเวตเตอร์1.png', 3),
(3002, 'เสื้อสเวตเตอร์ สีดำ', 'เนื้อผ้า Cotton Interlock ด้วยเอกลักษณ์ของผ้าที่ทอด้านหน้าและหลังเหมือนกันดีเทล พิมพ์ชิ้นแขน และปักหน้าอกเนื้อผ้าผิวสัมผัสนุ่ม ยับยากสี ที่ใช้ย้อมผ้าสำหรับเสื้อยืด มีคุณสมบัติคือสีย้อมปราศจากสารฟอมัลดีไฮด์ (ไม่มีสารก่อมะเร็ง)', 999, 'สเวตเตอร์2.png', 3),
(2005, 'เสื้อเชิ้ตฮาวาย สีเขียว', 'ผ้า 100% Rayonสัมผัสนุ่มลื่น ใส่สบาย Good Quality ไม่ระคายเคืองผิวผ้าพิมพ์ลาย ALL OVER PRINT (ลาย SEAMLESS ไร้รอยต่อ)เชื่อมต่อลายบนกระเป๋ากับตัวเสื้อ เพื่อให้มองเห็นลวดลายเดียวกันทั้งตัวแต่งกระดุมและ RIVET โลหะเอกลักษณ์เฉพาะของ MC JEANS', 999, 'เชิ้ต5.png', 2),
(2006, 'เสื้อเชิ้ตฮาวาย สีดำ', 'ผ้า 100% Rayonสัมผัสนุ่มลื่น ใส่สบาย Good Quality ไม่ระคายเคืองผิวผ้าพิมพ์ลาย ALL OVER PRINT (ลาย SEAMLESS ไร้รอยต่อ)เชื่อมต่อลายบนกระเป๋ากับตัวเสื้อ เพื่อให้มองเห็นลวดลายเดียวกันทั้งตัวแต่งกระดุมและ RIVET โลหะเอกลักษณ์เฉพาะของ MC JEANS', 999, 'เชิ้ต6.png', 2),
(3003, 'เสื้อสเวตเตอร์ สีดำ', 'เนื้อผ้าอินเตอร์ล็อค (INTERLOCK)ด้วยเอกลักษณ์ของผ้าที่ทอด้านหน้าและหลังเหมือนกันทำให้ผ้ามีสัมผัสที่เนียนลื่น ไม่ระคายเคืองผิวดีเทลตัดต่อบ่า ด้วยผ้ายีนส์เคลือบเงา เย็บลอน เสริมฟองน้ำลายปักใช้เทคนิคแอพลิเค่ (Applique) ด้วยผ้ายีนส์เคลือบเงา', 999, 'สเวตเตอร์3.png', 3),
(3004, 'เสื้อสเวตเตอร์ สีเขียว', 'เนื้อผ้า BABY FRENCH TERRY ผ้าทำมาจากเส้นด้าย COTTON USAมีความอยู่ทรง เนื้อผ้านุ่มลื่น ซึมซับเหงื่อ ระบายอากาศได้ดีสีย้อมปราศจาก สารฟอร์มาดีไฮด์ (สารก่อมะเร็ง)ทำให้เสื้อสีสวย นุ่ม และไม่เป็นอันตรายต่อผู้สวมใส่ผ้าสีสวย มีความคงทนต่อการใช้งานด้านต่างๆดีเทลปักด้วยผ้าสักหลาด ด้านหน้าเเละทอริมคอเเละริมเเขน สีเขียวเเละสีขาว', 999, 'สเวตเตอร์4.png', 3),
(4001, 'เดรสสั้น แขนกระดิ่ง สีดำ', 'ชุดเดรสสั้น ดีไซน์คอวี แขนยาว ช่วงแขนเสื่อตั้งแต่ข้อศอกลงมาเพิ่มดีเทลทรงกระดิ่ง ให้ลุคแบบ Day to Night ที่สวมใส่ได้ตั้งแต่ทำงานจนถึงปาร์ตี้ยามค่ำคืน', 1499, 'เดรส1.png', 4),
(4002, 'เดรสทรงเข้ารูป ผ่าหน้า สีชมพู', 'ชุดเดรสดีไซน์เข้ารูปเน้นโค้งเว้าของเรือนร่าง แฝงความเซ็กซี่ด้วยสายเดียว ดีเทลตัดต่อช่วงลำตัวช่วงกระโปรงพร้อมกิมมิคผ่าหน้า', 1499, 'เดรส2.png', 4),
(4003, 'เดรสสายเดี่ยวลายทิวลิป สีครีม', 'เดรสยาวสายเดี่ยว ลายพิมพ์ดอกทิวลิปสวยเฟมินีน ตัดเย็บดีไซน์หรูหราเข้ากระชับหุ่นทรงเน้นสะโพกและโค้งเว้า เพิ่มดีกรีความเซ็กซี่ด้วยสายเดี่ยวเผยผิวสวย ด้านหน้าแต่งทรงไขว้ทับ จับแมทช์กับรองเท้าส้นสูงและเครื่องประดับเคลือบเงาสีทองยิ่งจะช่วยเสริมโททัลลุคให้ดูแพงขึ้นไปอีก', 1499, 'เดรส3.png', 4),
(4004, 'เดรสสั้นลายกราฟิก สีขาว', 'เดรสสั้นลายพิมพ์ม้าลายสวยเด่นไม่เหมือนใคร ผ้าโพลีเอสเตอร์นุ่มสัมผัส สีสันและลวดลายที่ชัดไม่มีหมอง ดีไซน์ที่ใส่แล้วอัพความเปรี้ยวมั่นใจขึ้นทันที ตัดเย็บทรงเข้ารูปเน้นโค้งเว้า ช่วงแขนยาว แต่งผ้าผูกที่ช่วงเอวสไตล์เฟมินีน ใส่แมทช์กับส้นสูงอัพดีกรีความเฉิดฉาย', 1499, 'เดรส4.png', 4),
(1004, 'HOODIE BODY GLOVE สีดำ', 'ผ้าคอตตอนผสมโพลีเอสเตอร์และแสปนเด็กษ์ ตัวเสื้อมีสัมผัสที่เรียบ สวมใส่นุ่มสบายผิว และไม่ยับ', 799, 'ฮู้ดดี้4.png', 1),
(1005, 'HOODIE BODY GLOVE สีเขียว', 'ผ้าคอตตอนผสมโพลีเอสเตอร์และแสปนเด็กษ์ ตัวเสื้อมีสัมผัสที่เรียบ สวมใส่นุ่มสบายผิว และไม่ยับ', 799, 'ฮู้ดดี้5.png', 1),
(1006, 'HOODIE BODY GLOVE สีเทา', 'ผ้าคอตตอนผสมโพลีเอสเตอร์และแสปนเด็กษ์ ตัวเสื้อมีสัมผัสที่เรียบ สวมใส่นุ่มสบายผิว และไม่ยับ', 799, 'ฮู้ดดี้6.png', 1),
(1007, 'HOODIE BODY GLOVE สีครีม', 'ผ้าคอตตอนผสมโพลีเอสเตอร์และแสปนเด็กษ์ ตัวเสื้อมีสัมผัสที่เรียบ สวมใส่นุ่มสบายผิว และไม่ยับ', 799, 'ฮู้ดดี้7.png', 1),
(1008, 'HOODIE BODY GLOVE สีน้ำเงิน', 'ผ้าคอตตอนผสมโพลีเอสเตอร์และแสปนเด็กษ์ ตัวเสื้อมีสัมผัสที่เรียบ สวมใส่นุ่มสบายผิว และไม่ยับ', 799, 'ฮู้ดดี้8.png', 1),
(5001, 'กางเกงวอร์มขาสั้นผ้าสีดำ', 'กางเกงวอร์มขาสั้นเนื้อผ้าเอนกประสงค์ DryMove™ ที่ช่วยดูดซับความชื้นจากผิว ช่วยให้คุณรู้สึกแห้งสบายขณะเคลื่อนไหว ทรงหลวม ติดยางยืดมีเชือกรูดที่เอว และมีกระเป๋าลับที่ตะเข็บด้านข้าง', 1299, 'กางเกงขาสั้น1.jpg', 5),
(5002, 'กางเกงวอร์มขาสั้น สีเทาอมเขียว', 'กางเกงวอร์มขาสั้นเนื้อผ้าเอนกประสงค์ DryMove™ ที่ช่วยดูดซับความชื้นจากผิว ช่วยให้คุณรู้สึกแห้งสบายขณะเคลื่อนไหว ทรงหลวม ติดยางยืดมีเชือกรูดที่เอว และมีกระเป๋าลับที่ตะเข็บด้านข้าง', 1299, 'กางเกงขาสั้น2.jpg', 5),
(5003, 'กางเกงขาสั้นคาร์โก้ สีเขียวกากี', 'กางเกงคาร์โก้ขาสั้นระดับเข่าในผ้าคอตตอนสเวตเชิ้ตน้ำหนักเบา เอวจับสม็อกแบบยางยืดพร้อมเชือกรูด ทรงหลวมแบบมีกระเป๋าขาพร้อมฝา มีกระเป๋าลับด้านข้าง ข้างหนึ่งแบบซ่อนช่องใส่โทรศัพท์มือถือ', 1299, 'กางเกงขาสั้น3.jpg', 5),
(5004, 'กางเกงขาสั้นคาร์โก้ สีเทา', 'กางเกงคาร์โก้ขาสั้นระดับเข่าในผ้าคอตตอนสเวตเชิ้ตน้ำหนักเบา เอวจับสม็อกแบบยางยืดพร้อมเชือกรูด ทรงหลวมแบบมีกระเป๋าขาพร้อมฝา มีกระเป๋าลับด้านข้าง ข้างหนึ่งแบบซ่อนช่องใส่โทรศัพท์มือถือ\n\n', 1299, 'กางเกงขาสั้น4.jpg', 5),
(5005, 'กางเกงกีฬาขาสั้น สีเขียวหม่น ', 'กางเกงกีฬาขาสั้น ตัดเย็บจากผ้าเนื้อยืดDryMove™ ที่ช่วยดูดซับความชื้นจากผิว ช่วยให้คุณรู้สึกแห้งสบายขณะเคลื่อนไหว ทรงพอดีตัว ขอบเอวยางยืดพร้อมซ่อนเชือกรูด กระเป๋าข้างแนวทแยง มีห่วงรูปตัวทีสำหรับเกี่ยวด้านหลัง กางเกงขาสั้นปั่นจักรยานแบบซ้อนผ้ายืดด้านใน มีกระเป๋าปะที่ขา\n\n', 1299, 'กางเกงขาสั้น5.jpg', 5),
(5006, 'กางเกงกีฬาขาสั้น สีดำ', 'กางเกงกีฬาขาสั้น ตัดเย็บจากผ้าเนื้อยืดDryMove™ ที่ช่วยดูดซับความชื้นจากผิว ช่วยให้คุณรู้สึกแห้งสบายขณะเคลื่อนไหว ทรงพอดีตัว ขอบเอวยางยืดพร้อมซ่อนเชือกรูด กระเป๋าข้างแนวทแยง มีห่วงรูปตัวทีสำหรับเกี่ยวด้านหลัง กางเกงขาสั้นปั่นจักรยานแบบซ้อนผ้ายืดด้านใน มีกระเป๋าปะที่ขา\n', 1299, 'กางเกงขาสั้น6.jpg', 5),
(5007, 'กางเกงกีฬาขาสั้น สีน้ำเงินอมเขียวเข้ม\r\n', 'กางเกงกีฬาขาสั้น ตัดเย็บจากผ้า DryMove™ ที่ช่วยดูดซับความชื้นจากผิว ช่วยให้คุณรู้สึกแห้งสบายขณะเคลื่อนไหว ทรงพอดีตัว ติดยางยืดและมีเชือกรูดที่เอว มีกระเป๋าลับด้านข้าง ซับด้านในกางเกงด้วยผ้าตาข่ายผิวนุ่ม', 1299, 'กางเกงขาสั้น7.jpg', 5),
(5008, 'กางเกงกีฬาขาสั้น สีเทาเข้ม', 'กางเกงกีฬาขาสั้น ตัดเย็บจากผ้า DryMove™ ที่ช่วยดูดซับความชื้นจากผิว ช่วยให้คุณรู้สึกแห้งสบายขณะเคลื่อนไหว ทรงพอดีตัว ติดยางยืดและมีเชือกรูดที่เอว มีกระเป๋าลับด้านข้าง ซับด้านในกางเกงด้วยผ้าตาข่ายผิวนุ่ม', 1299, 'กางเกงขาสั้น8.jpg', 5),
(6001, 'กางเกงขายาวแต่งโซ่ สีครีม', 'เนื้อผ้านุ่ม ยืดหยุ่น มีความทนทาน ใส่แล้วสบาย เคลื่อนไหวสะดวกไม่อึดอัด ตัดเย็บทรงขากว้าง ทรงที่ช่วงอัพหุ่นและสะโพกให้ดูสวย ทำให้ขาดูเรียวยาว พรางต้นขาได้ดี แต่ดีเทลโซ่เพิ่มความหรูหราที่ช่วงเอวทั้งสองข้าง ไอเดียใส่แมทช์กับเสื้อเข้าเซต หรือมิกซ์แอนด์กับเสื้อสีสันที่ชอบ', 1299, 'กางเกงขายาว1.png', 6),
(6002, 'กางเกงชิโน ชาย ขายาว สีน้ำตาล', 'กางเกงชิโนขายาว ทรงสลิม\" COOL \" เท่ห์ อย่างมีสไตล์ ผ้า COTTON 100 % เนื้อผ้านุ่ม ใส่สบายมีขนาดและรูปทรงที่ลงตัวจึงทำให้นุ่ม สวมใส่สบาย', 1299, 'กางเกงขายาว2.png', 6),
(6003, 'BODY GLOVE กางเกงขายาว สีเขียว', 'ใส่สบาย ผ้านุ่มระบายผ้าดี​ กางเกง ขายาว ผ้าคอตตอน 100% ขอบยางยืด คุณภาพดี อายุการใช้งานนาน สวมใส่ได้ทั้งผู้ชายและผู้หญิง​  เนื้อผ้าระบายอากาศได้ดี ตะเข็บเย็บเก็บ ได้เป็นอย่างดีมีแถบเทปทำให้ไม่หลุดลุ่ยง่าย​ ', 1500, 'กางเกงขายาว3.png', 6),
(6004, 'BODY GLOVE กางเกงขายาว สีดำ', 'ใส่สบาย ผ้านุ่มระบายผ้าดี​ กางเกง ขายาว ผ้าคอตตอน 100% ขอบยางยืด คุณภาพดี อายุการใช้งานนาน สวมใส่ได้ทั้งผู้ชายและผู้หญิง​  เนื้อผ้าระบายอากาศได้ดี ตะเข็บเย็บเก็บ ได้เป็นอย่างดีมีแถบเทปทำให้ไม่หลุดลุ่ยง่าย​ ', 1500, 'กางเกงขายาว4.png', 6),
(6005, 'BODY GLOVE กางเกงขายาว สีครีม', 'ใส่สบาย ผ้านุ่มระบายผ้าดี​ กางเกง ขายาว ผ้าคอตตอน 100% ขอบยางยืด คุณภาพดี อายุการใช้งานนาน สวมใส่ได้ทั้งผู้ชายและผู้หญิง​  เนื้อผ้าระบายอากาศได้ดี ตะเข็บเย็บเก็บ ได้เป็นอย่างดีมีแถบเทปทำให้ไม่หลุดลุ่ยง่าย​ ', 1500, 'กางเกงขายาว5.png', 6),
(6006, 'BODY GLOVE กางเกงขายาว สีน้ำเงิน', 'ใส่สบาย ผ้านุ่มระบายผ้าดี​ กางเกง ขายาว ผ้าคอตตอน 100% ขอบยางยืด คุณภาพดี อายุการใช้งานนาน สวมใส่ได้ทั้งผู้ชายและผู้หญิง​  เนื้อผ้าระบายอากาศได้ดี ตะเข็บเย็บเก็บ ได้เป็นอย่างดีมีแถบเทปทำให้ไม่หลุดลุ่ยง่าย​ ', 1500, 'กางเกงขายาว6.png', 6),
(6007, 'BODY GLOVE กางเกงขายาว สีดำ', 'ใส่สบาย ผ้านุ่มระบายผ้าดี​ กางเกง ขายาว ผ้าคอตตอน 100% ขอบยางยืด คุณภาพดี อายุการใช้งานนาน สวมใส่ได้ทั้งผู้ชายและผู้หญิง​  เนื้อผ้าระบายอากาศได้ดี ตะเข็บเย็บเก็บ ได้เป็นอย่างดีมีแถบเทปทำให้ไม่หลุดลุ่ยง่าย​ ', 1500, 'กางเกงขายาว7.png', 6),
(7001, 'กระโปรงสั้นลายโมโนแกรม สีขาว', 'ผ้าที่หนานุ่มและมีความยืดหยุ่นทำให้ใส่สบาย เคลื่อนไหวคล่องตัว ลายพิมพ์โลโก้เอกลักษณ์ที่ชัดเจนของแบรนด์เอฟแฟชั่น ตัดเย็บทรงเข้ารูป แต่งสีเขียวทริมขอบตัดคอนทราส เพิ่มดีเทลกระเป๋าและกระดุมกิมมิคน่ารักที่ช่วงเอว', 2500, 'กระโปรง1.png', 7),
(7002, 'กระโปรงลายดอกไม้ สีดำ', 'เผยลุคหวานด้วยลวดลายโรแมนติก ดีไซน์ช่วงชายกระโปรงตัดต่อเป็นระบายเฉียง โทนสีเข้มช่วยพรางช่วงขา เนื้อผ้าบางเบาพลิ้วใส่สบาย แมทช์กับเสื้อเข้ารูปสีเรียบๆใส่ทำงานหรือเดินเที่ยวดูสวยเด่นอย่างมั่นใจ', 2500, 'กระโปรง2.png', 7),
(7003, 'กระโปรงแต่งผูกมัด สีขาว', 'ผ้าที่นุ่ม ยืดหยุ่น มีความทนทาน มาในโทนสีขาวเพลนมินิมอล ตัดเย็บดีไซน์สุดโมเดิร์นของเสริมลูกเล่นของงานผูกมัดที่ด้านหน้า ดีไซน์ที่ช่วยเพิ่มมิติและความแตกต่างให้กับไอเทม มิกซ์แอนด์แมทช์กับกับเสื้อทีเชิ้ตสีสัน คอมพลีทโททัลลุคด้วยรองเท้าบู้ทหรือรองเท้าส้นสูงก็จะช่วยอัพลุคให้ดูเปรี้ยวเฉี่ยวมากขึ้นกว่าเดิม', 2500, 'กระโปรง3.png', 7),
(7004, 'กระโปรงพลีท สีแดงเลือดหมู', ' มีความทนทาน ดีไซน์พลีทเพิ่มวอลลุ่ม มาในโทนสีมารูน ลายพิมพ์ฟลอรัล ช่วงเอวแต่งยางยืดใส่สบายไม่อึดอัด ไอเดียมิกซ์แอนด์แมทช์กับกับเสื้อทีเชิ้ตสีอ่อน ใส่แบบเก็บชายเสื้อ คอมพลีทลุคด้วยรองเท้าส้นสูงหรือแฟลต', 2500, 'กระโปรง4.png', 7),
(7005, 'กระโปรงยาว จับจีบ สีเขียว', 'กระโปรงพลีทที่ให้สัมผัสแน่นมีวอลุ่ม ขอบเอวยางยืดช่วยให้เปลี่ยนเสื้อผ้าได้สะดวก', 2500, 'กระโปรง5.png', 7),
(7006, 'กระโปรงทรงบาน สีเขียว', 'เข็มขัดทรงกว้างเสริมความเด่นช่วงเอว แถบตีนตุ๊กแกช่วยป้องกันไม่ให้เข็มขัดพลิกกลับด้าน - กระโปรงทรงป้ายช่วยให้ขยับช่วงขาได้สะดวกและเคลื่อนไหวได้คล่องตัว ทรงยาวให้ลุคสวยมีระดับ -ขอบเอวยางยืดช่วยให้เปลี่ยนชุดได้ง่าย', 2500, 'กระโปรง6.png', 7),
(7007, 'กระโปรงลายนูน สีน้ำตาล', 'ผ้าถักลายนูนให้รูปทรงสวยน่ารัก เผยลุคหวานด้วยลวดลายโรแมนติก', 2500, 'กระโปรง7.png', 7),
(7008, 'กระโปรง ผ้าซิฟฟ่อน มีลาย สีฟ้า', 'ผ้าเนื้อโปร่งแต่งจีบ มีซับในเต็มตัวเพื่อให้สวมใส่ได้อย่างสบายใจ ทรงยาวพร้อมขอบเอวยางยืดจึงเปลี่ยนชุดได้ง่าย', 2500, 'กระโปรง8.png', 7),
(7009, 'กระโปรงทรงแคบ สีเทา', 'เนื้อผ้าให้สัมผัสพรีเมียม ดีไซน์ผ่าชายให้การเคลื่อนไหวคล่องตัว ผ้าคอตตอนผสมบรัชผิวเพื่อความนุ่มสบาย ทรงตรงสวมใส่ได้หลายโอกาส', 2500, 'กระโปรง9.png', 7),
(7010, 'กระโปรงทรงยาวผ่าหลัง สีกรม', 'ผ้าคอตตอน 100% ให้ลุคดูดีมีสไตล์ เอวสูง ทรงขาตรง ความยาวกำลังดี - ดีไซน์แคชชวล ปรับโฉมกางเกงยีนส์ตัวโปรดของคุณให้กลายเป็นกระโปรง', 2500, 'กระโปรง10.png', 7),
(5009, 'กางเกงขาสั้น สีน้ำเงินเข้ม', 'กางเกงขาสั้น เอวยางยืด รูปแบบ CHINO ผ้า 100% COTTON TWILL ผ้ากางเกงมีน้าหนักที่ใส่แล้วเป็นทรง ทำให้กางเกงสวมใส่สบาย และง่ายต่อการดูแลรักษา เทคนิคขอบเอวที่สามารถปรับระดับของความกว้างเอวได้หลายระดับ สามารถปรับให้เข้ากับเอวของผู้ใส่ได้ทุกรูปร่าง เหมาะกับผู้ชายและผู้หญิง ช่วยให้ดู SMART ถ้าแมชท์ท่อนบนด้วยเชิ๊ตสีเรียบๆ', 1900, 'กางเกงขาสั้น9.png', 5),
(5010, 'กางเกงขาสั้นมินิ ผ้าเดนิม ฟ้าอ่อน', 'กางเกงขาสั้นมินิทรงเข้ารูป ตัดเย็บจากผ้าคอตตอนเดนิม เอวสูง และมีเป้าซิปและกระดุม มีกระเป๋าหลังและรอยพับเย็บตลอดด้านหน้า', 1900, 'กางเกงขาสั้น10.png', 5),
(5011, 'กางเกงยีนส์ขาสั้น ชาย ทรงคาร์โก้ ', 'กางเกงยีนส์ลายริ้ว CARGO SHORTS ผ้า 100% COTTON ยืดหยุ่น มีความทนทาน ใส่แล้วสบาย เคลื่อนไหวสะดวกไม่อึดอัด  ดีเทลติดป้ายหนังมุมกระเป๋า ', 1900, 'กางเกงขาสั้น11.png', 5),
(5012, 'BODY GLOVE กางเกงขาสั้น สีน้ำตาล', 'Cotton 100% กางเกงขาสั้น จากผ้าฝ้าย ที่มีความหนากำลังดี', 1500, 'กางเกงขาสั้น12.png', 5),
(5013, 'BODY GLOVE กางเกงขาสั้น สีครีม', 'Cotton 100% กางเกงขาสั้น จากผ้าฝ้าย ที่มีความหนากำลังดี', 1500, 'กางเกงขาสั้น13.png', 5),
(5014, 'BODY GLOVE กางเกงขาสั้น สีดำ', 'Cotton 100% กางเกงขาสั้น จากผ้าฝ้าย ที่มีความหนากำลังดี', 1500, 'กางเกงขาสั้น14.png', 5),
(5015, 'BODY GLOVE กางเกงขาสั้น สีฟ้า', 'Cotton 100% กางเกงขาสั้น จากผ้าฝ้าย ที่มีความหนากำลังดี', 1500, 'กางเกงขาสั้น15.png', 5),
(5016, 'BODY GLOVE กางเกงขาสั้น สีชมพู', 'Cotton 100% กางเกงขาสั้น จากผ้าฝ้าย ที่มีความหนากำลังดี', 1500, 'กางเกงขาสั้น16.png', 5),
(3005, 'AIIZ เสื้อสเวตเตอร์ สีฟ้าอ่อน', 'AIIZ เสื้อสเวตผู้ชายผ้าเฟรนช์เทอร์รี่ย์ ผ้าเฟรนช์เทอร์รี่ย์ สวมใส่สบาย สัมผัสเนียนนุ่ม ดีไซน์ทรงหลวม สวมใส่ง่าย โลโก้ AIIZ นูน สามมิติ เนื้อผ้ายืดหยุ่นดี เพื่อการสวมใส่ดูดีในทุกโอกาส', 1700, 'สเวตเตอร์5.png', 3),
(3006, 'AIIZ เสื้อสเวตเตอร์ สีน้ำตาล', 'AIIZ เสื้อสเวตผู้ชายผ้าเฟรนช์เทอร์รี่ย์ ผ้าเฟรนช์เทอร์รี่ย์ สวมใส่สบาย สัมผัสเนียนนุ่ม ดีไซน์ทรงหลวม สวมใส่ง่าย โลโก้ AIIZ นูน สามมิติ เนื้อผ้ายืดหยุ่นดี เพื่อการสวมใส่ดูดีในทุกโอกาส', 1700, 'สเวตเตอร์6.png', 3),
(3007, 'AIIZ เสื้อสเวตเตอร์ สีน้ำเงิน', 'AIIZ เสื้อสเวตผู้ชายผ้าเฟรนช์เทอร์รี่ย์ ผ้าเฟรนช์เทอร์รี่ย์ สวมใส่สบาย สัมผัสเนียนนุ่ม ดีไซน์ทรงหลวม สวมใส่ง่าย โลโก้ AIIZ นูน สามมิติ เนื้อผ้ายืดหยุ่นดี เพื่อการสวมใส่ดูดีในทุกโอกาส', 1700, 'สเวตเตอร์7.png', 3),
(3008, 'AIIZ เสื้อสเวตเตอร์ สีเขียว', 'AIIZ เสื้อสเวตผู้ชายผ้าเฟรนช์เทอร์รี่ย์ ผ้าเฟรนช์เทอร์รี่ย์ สวมใส่สบาย สัมผัสเนียนนุ่ม ดีไซน์ทรงหลวม สวมใส่ง่าย โลโก้ AIIZ นูน สามมิติ เนื้อผ้ายืดหยุ่นดี เพื่อการสวมใส่ดูดีในทุกโอกาส', 1700, 'สเวตเตอร์8.png', 3),
(3009, 'AIIZ เสื้อสเวตเตอร์ สีน้ำตาล ขาว', 'AIIZ เสื้อสเวตผู้ชายผ้าเฟรนช์เทอร์รี่ย์ ผ้าเฟรนช์เทอร์รี่ย์ สวมใส่สบาย สัมผัสเนียนนุ่ม ดีไซน์ทรงหลวม สวมใส่ง่าย โลโก้ AIIZ นูน สามมิติ เนื้อผ้ายืดหยุ่นดี เพื่อการสวมใส่ดูดีในทุกโอกาส', 1700, 'สเวตเตอร์9.png', 3),
(1009, 'MC ฮู้ดดี้แขนยาว สีกรมท่า', 'เสื้อ HOODIE ทรง REGULAR แขนยาว ผ้า BABY FRENCH TERRY (เบบี้ เฟนเทอรี่ ) COTTON 35% POLYESTER 65% เนื้อผ้านุ่มสวมใส่สบาย ทำให้ผ้ามีสัมผัสที่เนียนลื่น ย้อมด้วยสีย้อมที่ปราศจาคสารฟอมัลดีไฮด์ ทำให้ผิวสัมผัสไม่เกิดความระคายเคือง ดีเทล เทคนิคพิมพ์ไฮเดน (พิมพ์นูน) ชิ้นหน้าและหลัง', 1200, 'ฮู้ดดี้9.png', 1);

-- --------------------------------------------------------

--
-- Table structure for table `product_images`
--

CREATE TABLE `product_images` (
  `image_id` int(11) NOT NULL,
  `p_id` int(11) NOT NULL,
  `p_picture` varchar(200) NOT NULL
) ENGINE=InnoDB DEFAULT CHARSET=utf8 COLLATE=utf8_unicode_ci;

--
-- Dumping data for table `product_images`
--

INSERT INTO `product_images` (`image_id`, `p_id`, `p_picture`) VALUES
(1, 1001, 'ฮู้ดดี้1-1.png'),
(2, 1001, 'ฮู้ดดี้1-2.png'),
(3, 1002, 'ฮู้ดดี้2-1.png'),
(4, 1002, 'ฮู้ดดี้2-2.png'),
(5, 1003, 'ฮู้ดดี้3-2.png\n'),
(6, 1003, 'ฮู้ดดี้3-3.png'),
(7, 1003, 'ฮู้ดดี้3-1.png'),
(8, 2001, 'เชิ้ต1-1.png'),
(9, 2001, 'เชิ้ต1-2.png'),
(10, 2002, 'เชิ้ต2-1.png'),
(11, 2002, 'เชิ้ต2-2.png'),
(12, 2003, 'เชิ้ต3-1.png'),
(13, 2003, 'เชิ้ต3-2.png');

-- --------------------------------------------------------

--
-- Table structure for table `product_type`
--

CREATE TABLE `product_type` (
  `pt_id` int(3) NOT NULL,
  `pt_name` varchar(200) NOT NULL
) ENGINE=MyISAM DEFAULT CHARSET=utf8 COLLATE=utf8_general_ci;

--
-- Dumping data for table `product_type`
--

INSERT INTO `product_type` (`pt_id`, `pt_name`) VALUES
(1, 'ฮู้ดดี้'),
(2, 'เชิ้ต'),
(3, 'สเวตเตอร์'),
(4, 'เดรส'),
(5, 'กางเกงขาสั้น'),
(6, 'กางเกงขายาว'),
(7, 'กระโปรง');

-- --------------------------------------------------------

--
-- Table structure for table `users`
--

CREATE TABLE `users` (
  `u_id` int(11) NOT NULL,
  `u_name` varchar(200) NOT NULL,
  `u_username` varchar(50) NOT NULL,
  `u_password` varchar(255) NOT NULL,
  `u_email` varchar(100) DEFAULT NULL,
  `phone` text DEFAULT NULL,
  `address` varchar(300) DEFAULT NULL,
  `created_at` timestamp NOT NULL DEFAULT current_timestamp()
) ENGINE=InnoDB DEFAULT CHARSET=utf8 COLLATE=utf8_unicode_ci;

--
-- Dumping data for table `users`
--

INSERT INTO `users` (`u_id`, `u_name`, `u_username`, `u_password`, `u_email`, `phone`, `address`, `created_at`) VALUES
(4, 'jirakao', 'jira', '4badaee57fed5610012a296273158f5f', 'kao1@gmail.com', '0', '', '2024-10-08 08:18:09'),
(5, 'jirakao thongdee', 'kao1', '81dc9bdb52d04dc20036dbd8313ed055', 'kk@gmail.com', '0937287521', 'kaowwwww', '2024-10-08 08:55:27'),
(6, 'Pmaisusu', 'pmaipmai', 'e10adc3949ba59abbe56e057f20f883e', 'ppmai@gmail.com', '000000', '111', '2024-10-17 01:12:30');

--
-- Indexes for dumped tables
--

--
-- Indexes for table `admin`
--
ALTER TABLE `admin`
  ADD PRIMARY KEY (`a_id`);

--
-- Indexes for table `member`
--
ALTER TABLE `member`
  ADD PRIMARY KEY (`m_id`);

--
-- Indexes for table `orders`
--
ALTER TABLE `orders`
  ADD PRIMARY KEY (`oid`);

--
-- Indexes for table `orders_detail`
--
ALTER TABLE `orders_detail`
  ADD PRIMARY KEY (`od_id`);

--
-- Indexes for table `product`
--
ALTER TABLE `product`
  ADD PRIMARY KEY (`p_id`);

--
-- Indexes for table `product_images`
--
ALTER TABLE `product_images`
  ADD PRIMARY KEY (`image_id`);

--
-- Indexes for table `product_type`
--
ALTER TABLE `product_type`
  ADD PRIMARY KEY (`pt_id`);

--
-- Indexes for table `users`
--
ALTER TABLE `users`
  ADD PRIMARY KEY (`u_id`),
  ADD UNIQUE KEY `username` (`u_username`),
  ADD UNIQUE KEY `email` (`u_email`);

--
-- AUTO_INCREMENT for dumped tables
--

--
-- AUTO_INCREMENT for table `admin`
--
ALTER TABLE `admin`
  MODIFY `a_id` int(11) NOT NULL AUTO_INCREMENT, AUTO_INCREMENT=2;

--
-- AUTO_INCREMENT for table `member`
--
ALTER TABLE `member`
  MODIFY `m_id` int(4) NOT NULL AUTO_INCREMENT COMMENT 'รหัสลูกค้า', AUTO_INCREMENT=1002;

--
-- AUTO_INCREMENT for table `orders`
--
ALTER TABLE `orders`
  MODIFY `oid` int(7) UNSIGNED ZEROFILL NOT NULL AUTO_INCREMENT, AUTO_INCREMENT=48;

--
-- AUTO_INCREMENT for table `orders_detail`
--
ALTER TABLE `orders_detail`
  MODIFY `od_id` int(6) NOT NULL AUTO_INCREMENT, AUTO_INCREMENT=34;

--
-- AUTO_INCREMENT for table `product`
--
ALTER TABLE `product`
  MODIFY `p_id` int(4) NOT NULL AUTO_INCREMENT, AUTO_INCREMENT=7016;

--
-- AUTO_INCREMENT for table `product_images`
--
ALTER TABLE `product_images`
  MODIFY `image_id` int(11) NOT NULL AUTO_INCREMENT, AUTO_INCREMENT=14;

--
-- AUTO_INCREMENT for table `users`
--
ALTER TABLE `users`
  MODIFY `u_id` int(11) NOT NULL AUTO_INCREMENT, AUTO_INCREMENT=7;
COMMIT;

/*!40101 SET CHARACTER_SET_CLIENT=@OLD_CHARACTER_SET_CLIENT */;
/*!40101 SET CHARACTER_SET_RESULTS=@OLD_CHARACTER_SET_RESULTS */;
/*!40101 SET COLLATION_CONNECTION=@OLD_COLLATION_CONNECTION */;
